Date,Symbol,Entry,Exit,Net_PnL_%,Net_Profit_USD,Reason
2026-05-21 05:36:25,SUI/USDT,1.0793,1.0941,1.17,0.35,TP (Полный тейк)
2026-05-21 06:15:49,ETH/USDT,2141.52,2157.08,0.53,0.06,TP (Фиксация 50%)
2026-05-21 06:19:20,ETH/USDT,2141.52,2144.22,-0.07,-0.01,SL/Trailing (Остаток)
2026-05-21 11:38:49,NEAR/USDT,1.766,1.728,-2.35,-0.49,SL/Trailing (Остаток)
2026-05-21 11:40:50,BTC/USDT,77974.4,77694.2,-0.56,-0.17,SL/Trailing (Остаток)
2026-05-21 21:01:42,TRX/USDT,0.3622,0.3639,0.27,0.04,TP (Фиксация 50%)
2026-05-21 21:30:15,TRX/USDT,0.3622,0.3639,0.27,0.04,TP (Полный тейк)
2026-05-21 22:20:56,SUI/USDT,1.1105,1.1432,2.74,0.28,TP (Фиксация 50%)
2026-05-21 22:30:31,SOL/USDT,86.68,87.95,1.26,0.18,TP (Полный тейк)
2026-05-21 23:49:52,SUI/USDT,1.1105,1.1458,2.98,0.31,SL/Trailing (Остаток)
2026-05-22 01:32:50,NEAR/USDT,1.862,1.944,4.2,0.56,TP (Фиксация 50%)
2026-05-22 02:55:34,NEAR/USDT,1.862,1.93,3.45,0.46,SL/Trailing (Остаток)
2026-05-22 06:31:38,NEAR/USDT,1.969,2.044,3.61,0.55,TP (Фиксация 50%)
2026-05-22 06:39:08,NEAR/USDT,1.969,2.014,2.08,0.31,SL/Trailing (Остаток)
2026-05-22 11:43:41,ADA/USDT,0.2519,0.2505,-0.76,-0.16,SL/Trailing (Остаток)
2026-05-22 17:54:07,AVAX/USDT,9.489,9.578,0.74,0.22,TP (Полный тейк)
2026-05-24 17:17:07,TRX/USDT,0.364,0.3652,0.13,0.02,TP (Фиксация 50%)
2026-05-24 20:59:18,TRX/USDT,0.364,0.3649,0.05,0.01,SL/Trailing (Остаток)
2026-05-25 11:21:44,BTC/USDT,77512.7,77261.4,-0.52,-0.11,SL/Trailing (Остаток)
2026-05-25 11:47:43,TRX/USDT,0.3661,0.3675,0.18,0.03,TP (Фиксация 50%)
2026-05-25 12:00:51,TRX/USDT,0.3661,0.367,0.05,0.01,SL/Trailing (Остаток)
2026-05-25 14:22:08,XRP/USDT,1.3642,1.3571,-0.72,-0.22,SL/Trailing (Остаток)
2026-05-25 16:52:20,BTC/USDT,77672.1,77376.0,-0.58,-0.11,SL/Trailing (Остаток)
2026-05-25 17:12:29,NEAR/USDT,2.415,2.492,2.99,0.32,TP (Фиксация 50%)
2026-05-25 17:23:14,NEAR/USDT,2.415,2.522,4.23,0.45,SL/Trailing (Остаток)
2026-05-25 18:54:31,NEAR/USDT,2.517,2.615,3.69,0.48,TP (Фиксация 50%)
2026-05-25 20:13:32,NEAR/USDT,2.517,2.644,4.84,0.63,SL/Trailing (Остаток)
2026-05-25 21:50:19,ETH/USDT,2121.54,2137.96,0.57,0.04,TP (Фиксация 50%)
2026-05-26 00:01:06,ETH/USDT,2121.54,2126.28,0.02,0.0,SL/Trailing (Остаток)
2026-05-26 11:51:34,TRX/USDT,0.3752,0.3736,-0.63,-0.19,SL/Trailing (Остаток)
2026-05-26 13:04:20,RENDER/USDT,2.299,2.377,3.19,0.34,TP (Фиксация 50%)
2026-05-26 13:16:06,RENDER/USDT,2.299,2.364,2.62,0.28,SL/Trailing (Остаток)
2026-05-26 13:53:39,WLD/USDT,0.3541,0.373,5.13,0.39,TP (Фиксация 50%)
2026-05-26 15:05:37,WLD/USDT,0.3541,0.375,5.7,0.43,SL/Trailing (Остаток)
2026-05-26 20:02:20,TON/USDT,1.964,1.92,-2.44,-0.76,SL (Полный стоп)
2026-05-27 02:41:23,TON/USDT,1.997,1.947,-2.7,-0.83,SL/Trailing (Остаток)
2026-05-27 05:30:42,TRX/USDT,0.3756,0.3746,-0.47,-0.14,SL/Trailing (Остаток)
2026-05-27 11:02:02,WLD/USDT,0.375,0.3646,-2.97,-0.91,SL/Trailing (Остаток)
2026-05-27 18:40:16,RENDER/USDT,2.266,2.225,-2.01,-0.61,SL/Trailing (Остаток)
2026-05-28 08:18:28,XLM/USDT,0.1777,0.1716,-3.63,-1.09,SL/Trailing (Остаток)
2026-05-28 17:39:13,XLM/USDT,0.1783,0.1862,4.23,0.63,TP (Фиксация 50%)
2026-05-28 18:32:32,XLM/USDT,0.1783,0.1951,9.21,1.37,SL/Trailing (Остаток)
2026-05-29 05:55:00,XLM/USDT,0.2098,0.1966,-6.49,-1.96,SL (Полный стоп)
2026-05-29 05:55:01,HBAR/USDT,0.09226,0.0906,-2.0,-0.42,SL/Trailing (Остаток)
2026-05-30 00:32:08,XLM/USDT,0.21,0.2232,6.08,0.9,TP (Фиксация 50%)
2026-05-30 00:43:00,XLM/USDT,0.21,0.2335,10.98,1.62,SL/Trailing (Остаток)
2026-05-30 01:19:26,NEAR/USDT,2.61,2.517,-3.76,-0.78,SL/Trailing (Остаток)
2026-05-30 03:57:00,HBAR/USDT,0.09309,0.09513,1.99,0.48,TP (Полный тейк)
2026-05-30 04:48:59,HBAR/USDT,0.0961,0.09901,2.83,0.33,TP (Фиксация 50%)
2026-05-30 05:54:27,XLM/USDT,0.2472,0.2705,9.22,1.05,TP (Фиксация 50%)
2026-05-30 06:01:38,XLM/USDT,0.2472,0.2664,7.56,0.86,SL/Trailing (Остаток)
2026-05-30 06:23:16,HBAR/USDT,0.0961,0.1077,11.86,1.38,SL/Trailing (Остаток)
2026-05-30 09:07:37,DOGE/USDT,0.10151,0.10088,-0.82,-0.26,SL/Trailing (Остаток)
2026-05-30 18:01:48,HBAR/USDT,0.09887,0.10105,2.0,0.31,TP (Фиксация 50%)
2026-05-30 18:26:21,HBAR/USDT,0.09887,0.10016,1.1,0.17,SL/Trailing (Остаток)
2026-05-30 22:33:13,ADA/USDT,0.2371,0.2358,-0.75,-0.16,SL/Trailing (Остаток)
2026-05-31 03:07:19,XRP/USDT,1.3491,1.3421,-0.72,-0.11,SL (Полный стоп)
2026-05-31 03:23:33,DOGE/USDT,0.10117,0.10076,-0.6,-0.19,SL (Полный стоп)
2026-05-31 04:22:16,WLD/USDT,0.3611,0.3428,-5.26,-0.91,SL/Trailing (Остаток)
2026-05-31 07:29:34,ETH/USDT,2036.52,2028.79,-0.58,-0.12,SL/Trailing (Остаток)
2026-05-31 07:29:54,SOL/USDT,83.32,82.94,-0.66,-0.2,SL/Trailing (Остаток)
2026-05-31 15:24:56,HBAR/USDT,0.09785,0.0962,-1.88,-0.58,SL (Полный стоп)
2026-05-31 16:23:52,XLM/USDT,0.2439,0.2553,4.47,0.48,TP (Фиксация 50%)
2026-05-31 16:29:51,XLM/USDT,0.2439,0.2575,5.37,0.58,SL/Trailing (Остаток)
2026-05-31 19:15:06,TON/USDT,1.902,1.866,-2.09,-0.31,SL (Полный стоп)
2026-05-31 19:42:41,XLM/USDT,0.265,0.2518,-5.18,-1.36,SL/Trailing (Остаток)
2026-05-31 20:53:20,WLD/USDT,0.3386,0.3277,-3.42,-1.03,SL/Trailing (Остаток)
